create database DB_BANKHOAHOC_ONLINE

use DB_BANKHOAHOC_ONLINE

go

use master

drop database DB_BANKHOAHOC_ONLINE
-- Tạo bảng Người dùng (Users)


create table NguoiDung
(
	MaND varchar(11) not null,
	TenND nvarchar(50) not null,
	MatKhau varchar(255) not null,
	HoTen nvarchar(100),
	Email varchar(255) not null,
	DienThoai varchar(11),
	NgaySinh date,
	constraint pk_nguoidung primary key (MaND)
)

-- Tạo bảng Khóa học (Courses)


create table KhoaHoc
(
	MaKH varchar(11) not null,
	TenKH nvarchar(50) not null,
	MoTaKH nvarchar(255),
	GiangVien nvarchar(50) not null,
	NgayBD date,
	NgayKT date,
	GiaKhoaHoc money,
	TenMonHoc nvarchar(50),
	Picture varchar(50),
	constraint pk_khoahoc primary key (MaKH)
)

-- Tạo bảng Bài giảng (Lessons)


create table BaiGiang
(
	MaBG varchar(11) not null,
	TieuDeBG nvarchar(255) not null,
	NoiDungBG nvarchar(255),
	MaKH varchar(11),
	ThuTuBaiHoc int,
	Video varchar(500),
	constraint pk_baigiang primary key (MaBG)
)



-- Tạo bảng Bài tập (Assignments)


create table BaiTap
(
	MaBT varchar(11) not null,
	TieuDeBT nvarchar(255) not null,
	NoiDungBT nvarchar(255),
	HangNop date,
	MaKH varchar(11) not null,
	constraint pk_baitap primary key (MaBT)
)

-- Tạo bảng Kết quả (Results)


create table KetQua
(
	MaKQ varchar(11) not null,
	MaND varchar(11),
	MaBT varchar(11),
	Diem float,
	constraint pk_ketqua primary key (MaKQ, MaND, MaBT)
)



-- Tạo bảng Đánh giá (Reviews)


create table DanhGia
(
	MaDG varchar(11) not null,
	MaND varchar(11) not null,
	MaKH varchar(11) not null,
	DanhGia nvarchar(255),
	XepLoai nvarchar(15),
	NgayNopDanhGia date,
	constraint pk_danhgia primary key (MaDG, MaND, MaKH)
)


-- Tạo bảng Đăng ký khóa học (Enrollments)


create table DKyKhoaHoc
(
	MaDangKy varchar(11) not null,
	MaND varchar(11),
	MaKH varchar(11),
	NgayDangKy date,
	constraint pk_dangky primary key (MaDangKy, MaND, MaKH)
)

-- Tạo bảng Thanh toán (Payments)


create table ThanhToan
(
	MaBill varchar(11) not null,
	MaND varchar(11),
	MaKH varchar(11),
	SoTien money,
	PhuongThuc nvarchar(50),
	NgayNopPhi date,
	constraint pk_thanhtoan primary key (MaBill, MaND, MaKH)
)

create table AdminAccount
(
	AdminID varchar(10) primary key,
	UserName varchar(50),
	Pass varchar(50),
	Hoten nvarchar(50)
)

--KHÓA NGOẠI 

alter table BaiGiang
add constraint fk_baigiang_khoahoc foreign key (MaKH) references KhoaHoc (MaKH)

alter table BaiTap
add constraint fk_baitap_khoahoc foreign key (MaKH) references KhoaHoc (MaKH)

alter table KetQua
add constraint fk_ketqua_baitap foreign key (MaBT) references BaiTap (MaBT)

alter table KetQua
add constraint fk_ketqua_nguoidung foreign key (MaND) references NguoiDung (MaND)

alter table DanhGia
add constraint fk_danhgia_nguoidung foreign key (MaND) references NguoiDung (MaND)

alter table DanhGia
add constraint fk_danhgia_khoahoc foreign key (MaKH) references KhoaHoc (MaKH)

alter table DKyKhoaHoc
add constraint fk_dky_nguoidung foreign key (MaND) references NguoiDung (MaND)

alter table DKyKhoaHoc
add constraint fk_dky_khoahoc foreign key (MaKH) references KhoaHoc (MaKH)

alter table ThanhToan
add constraint fk_thanhtoan_nguoidung foreign key (MaND) references NguoiDung (MaND)

alter table ThanhToan
add constraint fk_thanhtoan_khoahoc foreign key (MaKH) references KhoaHoc (MaKH)




-- chèn dữ liệu 

set dateformat dmy


INSERT INTO NguoiDung
VALUES 
('ND20230001','HuuPhuc01','12345',N'Trần Hữu Phúc','thpgalaxy2003@gmail.com','0446556545','09/12/2003'),
('ND20230002','KhanhLe95','12345',N'Lê Chí Khanh','lechikhanh@gmail.com','0465441655','15/02/1995'),
('ND20230003','HuynhHau00','12345',N'Huỳnh Công Hậu','huynhhconghau@gmail.com','0455444578','04/02/2000'),
('ND20230004','HaiLe02','12345',N'Lê Văn Hải','levanhai45@gmail.com','0126589625','23/05/2002'),
('ND20230005','DatNguyen00','12345',N'Nguyễn Hữu Đạt','nguyenhuudat324@gmail.com','0255654586','27/06/2000'),
('ND20230006','QuocDung00','12345',N'Nguyễn Quốc Dũng','nguyenquocdung565@gmail.com','0662568593','07/02/2000'),
('ND20230007','NguyenThuy02','12345',N'Nguyễn Thị Thanh Thùy','nguyenthithanhthuy22@gmail.com','0222325456','20/10/2002'),
('ND20230008','DungNguyen00','12345',N'Nguyễn Tiến Dũng','nguyentiendung565@gmail.com','0666996795','08/02/2000'),
('ND20230009','TranNgoc03','12345',N'Trần Thị Ngọc','tranthinggoct44@gmail.com','0224579356','20/11/2003'),
('ND20230010','MyDuyen04','12345',N'Tăng Thị Mỹ Duyên','tangthimyduyeen45@gmail.com','0351451568','08/02/2004'),
('ND20230011','KhanhDang05','12345',N'Trần Khánh Đăng','trankhanhdang454@gmail.com','0562491545','11/10/2005'),
('ND20230012','NguyenHai06','12345',N'Nguyễn Văn Hải','nguyenvanhai@gmail.com','0465448214','15/02/2006'),
('ND20230013','TueTran04','12345',N'Trần Gia Tuệ','trangiatue4@gmail.com','0455449873','04/02/2004'),
('ND20230014','LyHai80','12345',N'Lý Văn Hải','dlyvanhai54@gmail.com','0418289625','23/05/1980'),
('ND20230015','VuDat01','12345',N'Trần Vũ Đạt','tranvudat45@gmail.com','0255654586','27/06/2001'),
('ND20230016','KhanhLy04','12345',N'Lê Thị Khánh Ly','lethikhanhly68@gmail.com','0652368593','07/02/2004'),
('ND20230017','ThanhVan02','12345',N'Huỳnh Thanh Vân','hunhthanhvan323@gmail.com','0785225456','20/10/2002'),
('ND20230018','NguyenBao00','12345',N'Nguyễn Nguyên Bảo','nguyennguyenbao43@gmail.com','0715696795','08/02/2000'),
('ND20230019','LeHa07','12345',N'Lê Thị Hà','lethiha542@gmail.com','0786279356','20/11/2007'),
('ND20230020','NgocMy02','12345',N'Rum Thị Ngọc Mỹ','rumthingocmy424@gmail.com','0351450123','08/02/2002'),
('ND20230021','TranTuan07','12345',N'Trần Anh Tuấn','trananhtuan34@gmail.com','0553257523','15/10/2007'),
('ND20230022','AnhHao05','12345',N'Đỗ Anh Hào','doanhhao213@gmail.com','0465440854','19/02/2005'),
('ND20230023','BuiHao99','12345',N'Bùi Thiên Hạo','buithienhao434@gmail.com','0455448110','02/01/1999'),
('ND20230024','VanNguyen85','12345',N'Nguyễn Văn Nguyên','nguyenvannguyen54@gmail.com','0358456255','23/06/1985'),
('ND20230025','NguyenThang98','12345',N'Nguyễn Quốc Thắng','nguyenquocthang34@gmail.com','0255650351','21/05/1998'),
('ND20230026','NgocDuong04','12345',N'Vũ Ngọc Dương','vungocduong33@gmail.com','0567864504','07/01/2004'),
('ND20230027','TuanHoang02','12345',N'Hoàng Anh Tuấn','hoanganhtuan26@gmail.com','0785671648','20/11/2002'),
('ND20230028','DiemMi06','12345',N'Trần Thị Diễm Mi','tranthidiemmi343@gmail.com','0756920231','10/02/2006'),
('ND20230029','NguyenTien07','12345',N'Nguyễn Ngọc Tiền','nguyenngoctien45@gmail.com','0786960778','01/11/2007'),
('ND20230030','NgocQuynh02','12345',N'Nguyễn Ngọc Quỳnh','nguyenngocquynh423@gmail.com','0353481596','08/07/2002'),
('ND20230031','NguyenToan04','12345',N'Nguyễn Chí Toàn','nguyenchitoan42@gmail.com','0356732146','15/10/2004'),
('ND20230032','AnDuong06','12345',N'Dương Văn An','duongvanan34@gmail.com','0467531854','19/02/2006'),
('ND20230033','DangKhanh94','12345',N'Đặng Minh Khánh','dangminhkhanh565@gmail.com','0455075310','02/01/1994'),
('ND20230034','ThinhTran95','12345',N'Trần Quốc Thịnh','tranquocthinh665@gmail.com','0358456899','23/06/1995'),
('ND20230035','TranMinh93','12345',N'Trần Ngọc Minh Minh','tranngoccminhmih454@gmail.com','0252222351','21/05/1993'),
('ND20230036','VanHoan04','12345',N'Vũ Văn Hoàn','vuvanhoan45@gmail.com','0567856532','07/01/2004'),
('ND20230037','HoangKhanh02','12345',N'Hoàng Gia Khanh','hoanggiakhanh34@gmail.com','0785663421','20/11/2002'),
('ND20230038','TranKhanh06','12345',N'Trần Lê Kim Khánh','tranlekimkhanh343@gmail.com','0756642146','10/02/2006'),
('ND20230039','DuQuyen05','12345',N'Du Thị Mỹ Quyên','duthmyduyen45@gmail.com','0786964134','01/11/2005'),
('ND20230040','LeLoc00','12345',N'Lê Văn Lộc','levanloc45@gmail.com','0353489643','08/07/2000'),
('ND20230041','DiemMy05','12345',N'Trần Diễm My','tranthidiemmy454@gmail.com','0467976344','15/10/2005'),
('ND20230042','ChuAn07','12345',N'Chu Văn An','chuvanan45@gmail.com','0644345678','09/02/2007'),
('ND20230043','NguyenTan92','12345',N'Nguyễn Minh Tấn','nguyenminhtuan44@gmail.com','0455646754','02/01/1992'),
('ND20230044','NguyenThinh96','12345',N'Nguyễn Hữu Thịnh','nguyenhuuthinh53@gmail.com','0358457777','02/02/1996'),
('ND20230045','DuAnh93','12345',N'Du Quốc Anh','duquocanh54@gmail.com','0252229999','02/05/1993'),
('ND20230046','TungNguyen05','12345',N'Nguyễn Quang Như Tùng','nguyenquangnhutung323@gmail.com','0567544532','07/01/2005'),
('ND20230047','ThoTran02','12345',N'Trần Thị Cẩm Thơ','tranthicamtho@gmail.com','0783456621','20/01/2002'),
('ND20230048','CamNhung06','12345',N'Trần Thị Cẩm Nhung','tranthicamnhung23@gmail.com','0752342146','15/02/2006'),
('ND20230049','NguyenThanh06','12345',N'Nguyễn Trấn Thành','nguyentranthanh33@gmail.com','0786965555','01/11/2006'),
('ND20230050','TruongGiang00','12345',N'Võ Trường Giang','votruonggiang433@gmail.com','0353422222','08/08/2000'),
('ND20230051','KimDong05','12345',N'Nguyễn Thị Kim Đồng','nguyenthikimđong434@gmail.com','0467932234','18/10/2005'),
('ND20230052','CDuongHien01','12345',N'Dương Đức Hiền','duongduchien341@gmail.com','0644342213','20/02/2001'),
('ND20230053','NguyenNgu03','12345',N'Nguyễn Trọng Ngữ','nguyentrongngu23@gmail.com','0455675444','23/01/2003'),
('ND20230054','BoHa95','12345',N'Hà Xuân Bộ','haxuanbo32@gmail.com','03584967544','02/12/1995'),
('ND20230055','TrangBui96','12345',N'Bùi Thị Thu Trang','buithithutrang234@gmail.com','0252274575','22/05/1996'),
('ND20230056','TranToan03','12345',N'Trần Đức Hoàn','tranduchoan343@gmail.com','0567585765','25/01/2003'),
('ND20230057','HungPham01','12345',N'Phạm Đức Hùng','phamduchung34@gmail.com','0783475576','30/01/2001'),
('ND20230058','DoLanh01','12345',N'Đỗ Thị Kim Lành','dothikimlanh34@gmail.com','0752367567','15/02/2001'),
('ND20230059','PhamLuan02','12345',N'Phạm Doãn Luân','phamdoanluan65@gmail.com','0786934344','24/12/2002'),
('ND20230060','NguyenLien07','12345',N'Nguyễn Thị Kim Liên','nguyenthikimlien76@gmail.com','0353478567','26/10/2007'),
('ND20230061','ThiNgan02','12345',N'Mai Thị Ngân','maithingan@gmail.com','0467931111','21/10/2002'),
('ND20230062','VanPhuong05','12345',N'Tô Văn Phương','tovanphuong@gmail.com','0643415678','29/12/2005'),
('ND20230063','NguyenSang05','12345',N'Nguyễn Văn Sáng','nguyenvansang@gmail.com','0455611123','23/01/2005'),
('ND20230064','NguyenTan94','12345',N'Nguyễn Ngọc Tấn','nguyenngoctan@gmail.com','0358490997','02/02/1994'),
('ND20230065','LamThanh96','12345',N'Lâm Phước Thành','lamphuocthanh@gmail.com','0999994575','12/11/1996'),
('ND20230066','ThietNguyen03','12345',N'Nguyễn Thiết','nguyenthiet15@gmail.com','0567588888','25/06/2003'),
('ND20230067','ThomBui01','12345',N'Bùi Thị Thơm','67buithithom@gmail.com','0783432455','30/08/2001'),
('ND20230068','HuynhToi04','12345',N'Huỳnh Thanh Tới','thuynhhthanhtoi12@gmail.com','0752386566','15/09/2004'),
('ND20230069','NguyenHung08','12345',N'Nguyễn Quốc Hưng','nguyenhung586@gmail.com','0786938878','23/12/2008'),
('ND20230070','VuTruong00','12345',N'Vũ Văn Trường','vutruong4567@gmail.com','0445578567','26/12/2000'),
('ND20230071','TheHung02','12345',N'Vương Thế Hùng','vuongthehung92@gmail.com','0467935666','07/02/2002'),
('ND20230072','VoTrung05','12345',N'Võ Thành Trung','vothanhtrung23@gmail.com','0643417576','21/11/2005'),
('ND20230073','BichNguyen05','12345',N'Nguyễn Huy Bích','nguyenhuybich98@gmail.com','0454242123','23/03/2005'),
('ND20230074','MinhThai99','12345',N'Lê Minh Thái','lemihthai35@gmail.com','0358494442','12/12/1999'),
('ND20230075','BaPham97','12345',N'Phạm Đình Bá','phamdinhbarr3@gmail.com','099993554','23/11/1997'),
('ND20230076','MacBich06','12345',N'Mạc Thị Bích','maingocbich775@gmail.com','0565434888','22/06/2006'),
('ND20230077','DuongBien01','12345',N'Dương Xuân Biên','duonguaanbien45@gmail.com','0783477545','31/08/2001'),
('ND20230078','LeDien05','12345',N'Lê Khánh Điền','lekhanhdien12@gmail.com','0752324455','19/09/2005'),
('ND20230079','NguyenHiep07','12345',N'Nguyễn Hà Hiệp','nguyenhahiep86@gmail.com','0786755453','20/11/2007'),
('ND20230080','LeThanh01','12345',N'Lê Xuân Thanh','lexuanthanh67@gmail.com','0445578554','28/09/2001'),
('ND20230081','NgoManh02','12345',N'Ngô Hữu Mạnh','ngohuumanh92@gmail.com','0424555666','07/12/2002'),
('ND20230082','NguyenNghia05','12345',N'Nguyễn Tuấn Nghĩa','nguyentuannghia342@gmail.com','068567776','02/01/2005'),
('ND20230083','NgocPham08','12345',N'Phạm Văn Bạch Ngọc','phamvanbachngoc638@gmail.com','0456589765','29/03/2008'),
('ND20230084','LeNhu00','12345',N'Lê Văn Nhu','levannhu9@gmail.com','0358493556','12/11/2000'),
('ND20230085','TranQuoc97','12345',N'Trần Đăng Quốc','tranvanquoc23@gmail.com','0955665554','23/09/1997'),
('ND20230086','SonTran06','12345',N'Trần Anh Sơn','trananhson75@gmail.com','0565445678','22/06/2006'),
('ND20230087','DucThong01','12345',N'Hồng Đức Thông','hongducthong45@gmail.com','0783478675','22/08/2001'),
('ND20230088','ThuNguyen05','12345',N'Nguyễn Thị Thu','nguyenthithu8932@gmail.com','0759775765','17/09/2005'),
('ND20230089','NguyenTruong08','12345',N'Nguyễn Thanh Trương','nguyenthanhtruong86@gmail.com','0786788632','25/12/2008'),
('ND20230090','LeViet03','12345',N'Lê Thái Việt','lethaiviet67@gmail.com','0445578686','29/09/2003'),
('ND20230091','DangVinh08','12345',N'Đặng Phước Vinh','dangphuocvinh92@gmail.com','0425353453','07/02/2008'),
('ND20230092','PhanCang','12345',N'Phan Anh Cang','phananhcang42@gmail.com','0685334553','22/01/2004'),
('ND20230093','NguyenHam08','12345',N'Nguyễn Duy Hàm','nguyenduyham38@gmail.com','0456544246','23/05/2008'),
('ND20230094','DangHanh01','12345',N'Đặng Đức Hạnh','dangduchanh9@gmail.com','0358489756','10/12/2001'),
('ND20230095','NguyenPhi97','12345',N'Nguyễn Lê Phi','nguyenlephi3@gmail.com','0345665554','22/10/1997'),
('ND20230096','NguyenNgan06','12345',N'Nguyễn Lưu Thùy Ngân','nguyenluuthuyngan75@gmail.com','0556564668','12/06/2006'),
('ND20230097','TienHa01','12345',N'Hà Minh Hiển','haminhhien45@gmail.com','0783454645','23/08/2001'),
('ND20230098','OanhNguyen05','12345',N'Nguyễn Thị Kiều Oanh','nguyenthikieuoanh2@gmail.com','0759634555','15/09/2005'),
('ND20230099','ThoaiNguyen','12345',N'Nguyễn Đăng Thoại','nguyendangthoai86@gmail.com','0786767745','24/12/1999'),
('ND20230100','TuTran05','12345',N'Trần Xuân Tú','tranxuantu67@gmail.com','0445578677','22/12/2005')

insert into AdminAccount
values
('AD000','ThuanQuang','99999',N'Dương Thuận Quang'),
('AD001','HuuPhuc','88888',N'Trần Hữu Phúc'),
('AD002','ManhHung','77777',N'Vũ Mạnh Hùng'),
('AD003','AnhThi','66666',N'Anh Thi'),
('AD004','QuocHung','55555',N'Quốc Hùng')





set dateformat dmy


insert into KhoaHoc
values
('KH2023001',N'Khóa học Lập trình C',N'Khóa học này giúp bạn có thể tự lập trình được những phương thức xử lý dữ liệu bằng ngôn ngữ C','28tech','01/11/2023','31/12/2023',149000,N'Ngôn ngữ C','C.png'),
('KH2023002',N'Khóa học Lập trình C++',N'Khóa học này giúp bạn có thể tự lập trình được những phương thức xử lý dữ liệu bằng ngôn ngữ C++','28tech','01/11/2023','31/12/2023',169000,N'Ngôn ngữ C Plus Plus','CPlus.png'),
('KH2023003',N'Khóa học Lập trình Java',N'Khóa học này giúp bạn có thể tự lập trình được những phương thức xử lý dữ liệu bằng ngôn ngữ Java','Kteam','01/11/2023','31/12/2023',169000,N'Ngôn ngữ Java','Java.png'),
('KH2023004',N'Khóa học Lập trình Python',N'Khóa học này giúp bạn có thể tự lập trình được những phương thức xử lý dữ liệu bằng ngôn ngữ Python','Kteam','01/11/2023','31/12/2023',169000,N'Ngôn ngữ Python','Python.png'),
('KH2023005',N'Khóa học Lập trình C#',N'Khóa học này giúp bạn có thể tự lập trình được những phương thức xử lý dữ liệu bằng ngôn ngữ C#','Kteam','01/11/2023','31/12/2023',179000,N'Ngôn ngữ C Sharp','CSharp.png'),
('KH2023006',N'Khóa học Lập trình Web',N'Khóa học này giúp bạn có thể tự lập trình được một trang web theo yêu cầu','ThuVienLapTrinh','01/11/2023','31/12/2023',249000,N'Lập trình Web','LTW.png'),
('KH2023007',N'Khóa học Thiết kế Web',N'Khóa học này giúp bạn có thể tự thiết kế được một giao diện web theo yêu cầu','f8chanel','01/11/2023','31/12/2023',249000,N'Thiết kế Web','TKW.png'),
('KH2023008',N'Khóa học Lập trình HTML và CSS',N'Khóa học này giúp bạn tìm hiểu và sử dụng thành thạo ngôn ngữ HTML và CSS','gola-goclamweb','01/11/2023','31/12/2023',179000,N'Ngôn ngữ HTML và CSS','cs1.png'),
('KH2023009',N'Khóa học Lập trình JavaSript',N'Khóa học này giúp bạn tìm hiểu và sử dụng thành thạo ngôn ngữ JavaSript','f8chanel','01/11/2023','31/12/2023',149000,N'Ngôn ngữ JavaSript','cs2.png'),
('KH2023010',N'Khóa học Bootstrap',N'Khóa học này giúp bạn tìm hiểu và sử dụng Bootstrap','f8chanel','01/11/2023','31/12/2023',149000,N'Giao diện Bootstrap','Bootstrap.png')


set dateformat dmy
insert into BaiGiang
values 
--ngôn ngữ c 
('BG20230001',N'Bài Mở Đầu Về Lập Trình C',N'Kiểu Dữ Liệu Và Vào Ra Trong Ngôn Ngữ Lập Trình C','KH2023001',1,'https://www.youtube.com/watch?v=vpqMmfkSAMo&list=PLux-_phi0Rz2TB5D16sJzy3MgOht3IlND&ab_channel=28tech'),
('BG20230002',N'Cấu Trúc Rẽ Nhánh',N'IF ELSE Và Bảng Mã ASCII','KH2023001',2,'https://www.youtube.com/watch?v=4X8aXn0dMMM&list=PLux-_phi0Rz2TB5D16sJzy3MgOht3IlND&index=2&ab_channel=28tech'),
('BG20230003',N'Cấu Trúc Rẽ Nhánh',N'Switch Case và Câu Lệnh GOTO','KH2023001',3,'https://www.youtube.com/watch?v=MYtFJrmPgUg&list=PLux-_phi0Rz2TB5D16sJzy3MgOht3IlND&index=3&ab_channel=28tech'),
--ngôn ngữ c++
('BG20230004',N'Làm Quen Với Ngôn Ngữ Lập Trình C++',N'Vào Ra Trong C++| Kiểu Dữ Liệu Và Biến Trong C++','KH2023002',1,'https://www.youtube.com/watch?v=74B6PXO97Tw&list=PLux-_phi0Rz0Hq9fDP4TlOulBl8APKp79&index=2&ab_channel=28tech'),
('BG20230005',N'Làm Quen Với Ngôn Ngữ Lập Trình C++',N'Toàn Tập Về Các Toán Tử Cơ Bản Trong Ngôn Ngữ Lập Trình C++','KH2023002',2,'https://www.youtube.com/watch?v=74B6PXO97Tw&list=PLux-_phi0Rz0Hq9fDP4TlOulBl8APKp79&index=2&ab_channel=28tech'),
('BG20230006',N'Cấu Trúc Rẽ Nhánh Trong Ngôn Ngữ Lập Trình C++',N'IF ELSE và SWITCH CASE Trong C++','KH2023002',3,'https://www.youtube.com/watch?v=74B6PXO97Tw&list=PLux-_phi0Rz0Hq9fDP4TlOulBl8APKp79&index=2&ab_channel=28tech'),
--ngôn ngữ Java
('BG20230007',N'Khóa học lập trình Java đến OOP',N'Giới thiệu Java','KH2023003',1,'https://www.youtube.com/watch?v=3gtOAlcovoQ&list=PL33lvabfss1yGrOutFR03OZoqm91TSsvs&index=1&ab_channel=Kteam'),
('BG20230008',N'Khóa học lập trình Java đến OOP',N'Cài đặt môi trường Java','KH2023003',2,'https://www.youtube.com/watch?v=3gtOAlcovoQ&list=PL33lvabfss1yGrOutFR03OZoqm91TSsvs&index=1&ab_channel=Kteam'),
('BG20230009',N'Khóa học lập trình Java đến OOP',N'Chương trình Java đầu tiên','KH2023003',3,'https://www.youtube.com/watch?v=3gtOAlcovoQ&list=PL33lvabfss1yGrOutFR03OZoqm91TSsvs&index=1&ab_channel=Kteam'),
--ngôn ngữ Python
('BG20230010',N'Khóa học lập trình Python cơ bản',N'Khóa học lập trình Python cơ bản','KH2023004',1,'https://www.youtube.com/watch?v=NZj6LI5a9vc&list=PL33lvabfss1xczCv2BA0SaNJHu_VXsFtg&ab_channel=Kteam'),
('BG20230011',N'Khóa học lập trình Python cơ bản',N'Cài đặt môi trường Python','KH2023004',2,'https://www.youtube.com/watch?v=NZj6LI5a9vc&list=PL33lvabfss1xczCv2BA0SaNJHu_VXsFtg&ab_channel=Kteam'),
('BG20230012',N'Khóa học lập trình Python cơ bản',N'Chạy file Python','KH2023004',3,'https://www.youtube.com/watch?v=NZj6LI5a9vc&list=PL33lvabfss1xczCv2BA0SaNJHu_VXsFtg&ab_channel=Kteam'),
--ngôn ngữ c#
('BG20230013',N'Khóa học lập trình C# Cơ bản',N'Cấu trúc lệnh cơ bản','KH2023005',1,'https://www.youtube.com/watch?v=FhAIc0tlyaQ&list=PL33lvabfss1wUj15ea6W0A-TtDOrWWSRK&index=2&ab_channel=Kteam'),
('BG20230014',N'Khóa học lập trình C# Cơ bản',N'Nhập xuất cơ bản','KH2023005',2,'https://www.youtube.com/watch?v=FhAIc0tlyaQ&list=PL33lvabfss1wUj15ea6W0A-TtDOrWWSRK&index=2&ab_channel=Kteam'),
('BG20230015',N'Khóa học lập trình C# Cơ bản',N'Biến trong C# ','KH2023005',3,'https://www.youtube.com/watch?v=FhAIc0tlyaQ&list=PL33lvabfss1wUj15ea6W0A-TtDOrWWSRK&index=2&ab_channel=Kteam'),
--lập trình web
('BG20230016',N'Tự học ASP.NET MVC 5',N'Giới thiệu, tạo project trong Visual Studio, cấu hình IIS','KH2023006',1,'https://www.youtube.com/watch?v=9aQbJLd3A_U&list=PL2_xbcFZM80PHczxl-jlOgKA4yus3kWwu&index=74&ab_channel=Th%C6%B0Vi%E1%BB%87nL%E1%BA%ADpTr%C3%ACnhEDU'),
('BG20230017',N'Tự học ASP.NET MVC 5',N'Cấu hình URL thân thiện, sử dụng Layout trong thiết kế View','KH2023006',2,'https://www.youtube.com/watch?v=RqSuDOuc4CA&list=PL2_xbcFZM80PHczxl-jlOgKA4yus3kWwu&index=75&ab_channel=Th%C6%B0Vi%E1%BB%87nL%E1%BA%ADpTr%C3%ACnhEDU'),
('BG20230018',N'Tự học ASP.NET MVC 5',N'Làm việc với database bằng Entity Framework Code First','KH2023006',3,'https://www.youtube.com/watch?v=VJNUxjn3HS0&list=PL2_xbcFZM80PHczxl-jlOgKA4yus3kWwu&index=76&ab_channel=Th%C6%B0Vi%E1%BB%87nL%E1%BA%ADpTr%C3%ACnhEDU'),
--Thiết kế web
('BG20230019',N'Giao diện web cơ bản',N'Giới thiệu dự án The Band | Thực hành cắt HTML CSS cơ bản | Phân tích giao diện web
','KH2023007',1,'https://www.youtube.com/watch?v=RPHBgBsw6Xg&list=PL_-VfJajZj0U9nEXa4qyfB4U5ZIYCMPlz&index=83&ab_channel=F8Official'),
('BG20230020',N'Giao diện web cơ bản',N'Phân tích dự án','KH2023007',2,'https://www.youtube.com/watch?v=b8Z5Cyod9oI&list=PL_-VfJajZj0U9nEXa4qyfB4U5ZIYCMPlz&index=86'),
('BG20230021',N'Giao diện web cơ bản',N'Tạo khung dự án The Band | Dựng project base | Khóa học HTML, CSS cơ bản cho người mới bắt đầu','KH2023007',3,'https://www.youtube.com/watch?v=vBWCymyUySw&list=PL_-VfJajZj0U9nEXa4qyfB4U5ZIYCMPlz&index=85'),
--HTML,CSS
('BG20230022',N'Giới thiệu khóa học HTML-CSS',N'Các thẻ HTML cơ bản','KH2023008',1,'https://www.youtube.com/watch?v=B51n2ucFn_I&list=PLgk9x84DhO7X1cP-jI8UgtGmsJpXYdafe&index=2&ab_channel=Gola-G%C3%B3cl%C3%A0mweb'),
('BG20230023',N'Giới thiệu khóa học HTML-CSS',N'Các cách thêm định dạng css vào file HTML','KH2023008',2,'https://www.youtube.com/watch?v=zOQKvo-YD6k&list=PLgk9x84DhO7X1cP-jI8UgtGmsJpXYdafe&index=4&ab_channel=Gola-G%C3%B3cl%C3%A0mweb'),
('BG20230024',N'Giới thiệu khóa học HTML-CSS',N'Một số thuộc tính cơ bản của CSS','KH2023008',3,'https://www.youtube.com/watch?v=CRLl-csb2kw&list=PLgk9x84DhO7X1cP-jI8UgtGmsJpXYdafe&index=6&ab_channel=Gola-G%C3%B3cl%C3%A0mweb'),
--javasript
('BG20230025',N'Học lập trình Javascript cơ bản',N'Cài đặt môi trường','KH2023009',1,'https://www.youtube.com/watch?v=efI98nT8Ffo&list=PL_-VfJajZj0VgpFpEVFzS5Z-lkXtBe-x5&index=3&ab_channel=F8Official'),
('BG20230026',N'Học lập trình Javascript cơ bản',N'Sử dụng JS trong file HTML','KH2023009',2,'https://www.youtube.com/watch?v=W0vEUmyvthQ&list=PL_-VfJajZj0VgpFpEVFzS5Z-lkXtBe-x5&index=4&ab_channel=F8Official'),
('BG20230027',N'Học lập trình Javascript cơ bản',N'Khai báo biến','KH2023009',3,'https://www.youtube.com/watch?v=CLbx37dqYEI&list=PL_-VfJajZj0VgpFpEVFzS5Z-lkXtBe-x5&index=5&ab_channel=F8Official'),
--Bootstrap
('BG20230028',N'Cách sử dụng Bootstrap',N'Làm quen với bootstrap - container - grid system - column - row - card','KH2023010',1,'https://www.youtube.com/watch?v=UvYPMtghT3s&list=PLieAxB9_noZlT2x2jt8HgY36y8fDqeE3X&ab_channel=Th%E1%BA%A7yH%E1%BB%99Fpoly'),
('BG20230029',N'Xây dựng Bootstrap',N'Xây dựng layout website với bootstrap','KH2023010',2,'https://www.youtube.com/watch?v=9ihpTwKxzbQ&list=PLieAxB9_noZlT2x2jt8HgY36y8fDqeE3X&index=2&ab_channel=Th%E1%BA%A7yH%E1%BB%99Fpoly'),
('BG20230030',N'Xây dựng Layout Website với Bootstrap',N'Copy màu, bố sung css','KH2023010',3,'https://www.youtube.com/watch?v=6n-vUW34S9w&list=PLieAxB9_noZlT2x2jt8HgY36y8fDqeE3X&index=4&ab_channel=Th%E1%BA%A7yH%E1%BB%99Fpoly')

SET DATEFORMAT DMY
INSERT INTO BaiTap
VALUES
--C--
('BT2023001',N'Bài Tập Mở Đầu Về Lập Trình C',N'Dãy số Fibonacci, Check Số nguyên tố, Tính giai thừa và Chuyển đổi hệ cơ số','15/11/2022','KH2023001'),
('BT2023002',N'Bài Tập Về Cấu Trúc Rẽ Nhánh IF ELSE Và Bảng Mã ASCII',N'Tìm số ngày của năm N, biết rằng năm nhuận là năm chia hết cho 400 hoặc chia hết cho 4 nhưng không chia hết cho 100. Ví dụ, các năm 2000, 2004 là năm nhuận và có số ngày là 366, các năm 1900, 1945 không phải là năm nhuận và có số ngày là 365.','30/11/2022','KH2023001'),
('BT2023003',N'Bài Tập Về Cấu Trúc Rẽ Nhánh Switch Case',N'Nhập vào 2 số nguyên a, b và nhập vào phép toán +, -, *, / Thực hiện tính toán theo phép toán nhập vào với hai số a, b','15/12/2022','KH2023001'),
--C++--
('BT2023004',N'Làm Quen Với Ngôn Ngữ Lập Trình C++',N'Dãy số Fibonacci, Check Số nguyên tố, Tính giai thừa và Chuyển đổi hệ cơ số','15/11/2022','KH2023002'),
('BT2023005',N'Bài Tập Về Cấu Trúc Rẽ Nhánh IF ELSE Và Bảng Mã ASCII',N'Tìm số ngày của năm N, biết rằng năm nhuận là năm chia hết cho 400 hoặc chia hết cho 4 nhưng không chia hết cho 100. Ví dụ, các năm 2000, 2004 là năm nhuận và có số ngày là 366, các năm 1900, 1945 không phải là năm nhuận và có số ngày là 365.','30/11/2022','KH2023002'),
('BT2023006',N'Bài Tập Về Cấu Trúc Rẽ Nhánh Switch Case ',N'Nhập vào 2 số nguyên a, b và nhập vào phép toán +, -, *, / Thực hiện tính toán theo phép toán nhập vào với hai số a, b','15/12/2022','KH2023002'),
--Java--
('BT2023007',N'Bài Tập Cơ Bản Về Java',N'Hãy viết chương trình tính tổng các chữ số của một số nguyên bất kỳ.','15/11/2022','KH2023003'),
('BT2023008',N'Bài Tập Về Chuỗi',N'Sắp xếp chuỗi theo thứ tự bảng chữ cái','30/11/2022','KH2023003'),
('BT2023009',N'Bài Tập Về Vòng Lặp',N'Cách in các phần tử trùng nhau trong mảng Java','15/12/2022','KH2023003'),
--Python---
('BT2023013',N'Làm Quen Với Ngôn Ngữ Lập Trình Python',N'Dãy số Fibonacci, Check Số nguyên tố, Tính giai thừa và Chuyển đổi hệ cơ số','15/11/2022','KH2023004'),
('BT2023014',N'Bài Tập Về Cấu Trúc Rẽ Nhánh IF ELSE Và Bảng Mã ASCII',N'Tìm số ngày của năm N, biết rằng năm nhuận là năm chia hết cho 400 hoặc chia hết cho 4 nhưng không chia hết cho 100. Ví dụ, các năm 2000, 2004 là năm nhuận và có số ngày là 366, các năm 1900, 1945 không phải là năm nhuận và có số ngày là 365.','30/11/2022','KH2023004'),
('BT2023015',N'Bài Tập Về Cấu Trúc Rẽ Nhánh Switch Case',N'Nhập vào 2 số nguyên a, b và nhập vào phép toán +, -, *, / Thực hiện tính toán theo phép toán nhập vào với hai số a, b','15/12/2022','KH2023004'),
--C#--
('BT2023010',N'Bài Tập Cơ Bản Lập trình C#',N'Hãy viết chương trình tính tổng các chữ số của một số nguyên bất kỳ.','15/11/2022','KH2023005'),
('BT2023011',N'Bài Tập Về Chuỗi',N'Sắp xếp chuỗi theo thứ tự bảng chữ cái','30/11/2022','KH2023005'),
('BT2023012',N'Bài Tập Về Vòng Lặp',N'Cách in các phần tử trùng nhau trong mảng C#','15/12/2022','KH2023005'),
--LTW--
('BT2023019',N'Bài Tập Đầu Khóa',N'Tạo project trong Visual Studio, cấu hình IIS','15/11/2022','KH2023006'),
('BT2023020',N'Bài Tập Giữa Khóa',N'Sử dụng Layout trong thiết kế View','30/11/2022','KH2023006'),
('BT2023021',N'Bài Tập Cuối Khóa',N'Làm việc với database bằng Entity Framework Code First','15/12/2022','KH2023006'),
--Thiết kế web--
('BT2023016',N'Bài Tập Cơ Bản Thiết kế Web',N'Design đổi màu chữ, phông chữ và đổi nền cho chữ:"HELLO WORLD"','15/11/2022','KH2023007'),
('BT2023017',N'Bài Tập Về HTML và CSS',N'Hãy Design một danh sách tùy ý theo dạng bảng','30/11/2022','KH2023007'),
('BT2023018',N'Bài Tập Về JavaSript',N'Hãy ràng buộc lọc sản phẩm bằng JavaSript','15/12/2022','KH2023007'),

--HTML--
('BT2023022',N'Bài Tập Cơ Bản HTML',N'Sự dụng các thẻ HTML cơ bản','15/11/2022','KH2023008'),
('BT2023023',N'Bài Tập Làm Quen Với CSS',N'Các cách thêm định dạng css vào file HTML','30/11/2022','KH2023008'),
('BT2023024',N'Bài Tập về CSS',N'Thực hành với một số thuộc tính cơ bản của CSS','15/12/2022','KH2023008'),
--JavaSript--
('BT2023025',N'Bài Tập Giới Thiệu JavaSript',N'Cài đặt môi trường  JavaSript','15/11/2022','KH2023009'),
('BT2023026',N'Bài Tập Cơ Bản JavaSript',N'Cách sử dụng JS trong file HTML','30/11/2022','KH2023009'),
('BT2023027',N'Bài Tập Cuối Khóa',N'Ràng buộc JavaSript trong đăng ký, đăng nhập','15/12/2022','KH2023009'),
--Bootstrap--
('BT2023028',N'Bài Tập Cơ Bản Bootstrap',N'Làm quen với bootstrap - container - grid system - column - row - card','15/11/2022','KH2023010'),
('BT2023029',N'Bài Tập Xây dựng layout website với Bootstrap',N'Xây dựng layout website với bootstrap','30/11/2022','KH2023010'),
('BT2023030',N'Bài Tập Cuối Khóa',N'Xây dựng trang bán sản phẩm bằng cách sử dụng Bootstrap','15/12/2022','KH2023010')

INSERT INTO KetQua
VALUES
('KQ20230001','ND20230001','BT2023001',4.5),
('KQ20230002','ND20230001','BT2023002',6.7),
('KQ20230003','ND20230001','BT2023003',5),
('KQ20230004','ND20230002','BT2023004',6.7),
('KQ20230005','ND20230002','BT2023005',6),
('KQ20230006','ND20230002','BT2023006',7.8),
('KQ20230007','ND20230003','BT2023007',3.5),
('KQ20230008','ND20230003','BT2023008',8.9),
('KQ20230009','ND20230003','BT2023009',9),
('KQ20230010','ND20230004','BT2023010',10),
('KQ20230011','ND20230004','BT2023011',7.6),
('KQ20230012','ND20230004','BT2023012',5.3),
('KQ20230013','ND20230005','BT2023013',5.5),
('KQ20230014','ND20230005','BT2023014',8.9),
('KQ20230015','ND20230005','BT2023015',7.8),
('KQ20230016','ND20230006','BT2023016',7.7),
('KQ20230017','ND20230006','BT2023017',6.8),
('KQ20230018','ND20230006','BT2023018',6.5),
('KQ20230019','ND20230007','BT2023019',2.3),
('KQ20230020','ND20230007','BT2023020',4.3),
('KQ20230021','ND20230007','BT2023021',4.4),
('KQ20230022','ND20230008','BT2023022',5.5),
('KQ20230023','ND20230008','BT2023023',4.9),
('KQ20230024','ND20230008','BT2023024',8.8),
('KQ20230025','ND20230009','BT2023025',9.8),
('KQ20230026','ND20230009','BT2023026',6.4),
('KQ20230027','ND20230009','BT2023027',2.8),
('KQ20230028','ND20230010','BT2023028',7.9),
('KQ20230029','ND20230010','BT2023029',8.6),
('KQ20230030','ND20230010','BT2023030',8.4),
('KQ20230031','ND20230011','BT2023001',9),
('KQ20230032','ND20230011','BT2023002',7),
('KQ20230033','ND20230011','BT2023003',8.4),
('KQ20230034','ND20230012','BT2023004',4.1),
('KQ20230035','ND20230012','BT2023005',6.5),
('KQ20230036','ND20230012','BT2023006',7.2),
('KQ20230037','ND20230013','BT2023007',10),
('KQ20230038','ND20230013','BT2023008',7.5),
('KQ20230039','ND20230013','BT2023009',7.2),
('KQ20230040','ND20230014','BT2023010',3.3),
('KQ20230041','ND20230014','BT2023011',6.6),
('KQ20230042','ND20230014','BT2023012',5.8),
('KQ20230043','ND20230015','BT2023013',7.2),
('KQ20230044','ND20230015','BT2023014',9.6),
('KQ20230045','ND20230015','BT2023015',6.5),
('KQ20230046','ND20230016','BT2023016',6.7),
('KQ20230047','ND20230016','BT2023017',8.9),
('KQ20230048','ND20230016','BT2023018',9.1),
('KQ20230049','ND20230017','BT2023019',4.5),
('KQ20230050','ND20230017','BT2023020',3.8),
('KQ20230051','ND20230017','BT2023021',7.5),
('KQ20230052','ND20230018','BT2023022',9.2),
('KQ20230053','ND20230018','BT2023023',6.3),
('KQ20230054','ND20230018','BT2023024',1),
('KQ20230055','ND20230019','BT2023025',9.2),
('KQ20230056','ND20230019','BT2023026',7.6),
('KQ20230057','ND20230019','BT2023027',9.8),
('KQ20230058','ND20230020','BT2023028',7.8),
('KQ20230059','ND20230020','BT2023029',3.5),
('KQ20230060','ND20230020','BT2023030',9.6),
('KQ20230061','ND20230021','BT2023001',7.5),
('KQ20230062','ND20230021','BT2023002',7.3),
('KQ20230063','ND20230021','BT2023003',4),
('KQ20230064','ND20230022','BT2023004',6),
('KQ20230065','ND20230022','BT2023005',8),
('KQ20230066','ND20230022','BT2023006',7.3),
('KQ20230068','ND20230023','BT2023008',7.3),
('KQ20230067','ND20230023','BT2023007',6.5),
('KQ20230069','ND20230023','BT2023009',8.5),
('KQ20230070','ND20230024','BT2023010',4.3),
('KQ20230071','ND20230024','BT2023011',1.8),
('KQ20230072','ND20230024','BT2023012',2.3),
('KQ20230073','ND20230025','BT2023013',8.6),
('KQ20230074','ND20230025','BT2023014',8.7),
('KQ20230075','ND20230025','BT2023015',9.5),
('KQ20230076','ND20230026','BT2023016',6.3),
('KQ20230077','ND20230026','BT2023017',4.5),
('KQ20230078','ND20230026','BT2023018',8.9),
('KQ20230079','ND20230027','BT2023019',6.7),
('KQ20230080','ND20230027','BT2023020',6.8),
('KQ20230081','ND20230027','BT2023021',6.7),
('KQ20230082','ND20230028','BT2023022',8.9),
('KQ20230083','ND20230028','BT2023023',3.8),
('KQ20230084','ND20230028','BT2023024',10), 
('KQ20230085','ND20230029','BT2023025',7.9),
('KQ20230086','ND20230029','BT2023026',5.6),
('KQ20230087','ND20230029','BT2023027',7.3),
('KQ20230088','ND20230030','BT2023028',8),  
('KQ20230089','ND20230030','BT2023029',6),  
('KQ20230090','ND20230030','BT2023030',6.3),
('KQ20230091','ND20230031','BT2023001',5),
('KQ20230092','ND20230031','BT2023002',6.5),
('KQ20230093','ND20230031','BT2023003',7.3),
('KQ20230094','ND20230032','BT2023004',6.3),
('KQ20230095','ND20230032','BT2023005',8.9),
('KQ20230096','ND20230032','BT2023006',6.9),
('KQ20230097','ND20230033','BT2023007',7.3),
('KQ20230098','ND20230033','BT2023008',9.6),
('KQ20230099','ND20230033','BT2023009',9.3),
('KQ20230100','ND20230034','BT2023010',4),
('KQ20230101','ND20230034','BT2023011',1.3),
('KQ20230102','ND20230034','BT2023012',6.9),
('KQ20230103','ND20230035','BT2023013',8.7),
('KQ20230104','ND20230035','BT2023014',6.5),
('KQ20230105','ND20230035','BT2023015',9.5),
('KQ20230106','ND20230036','BT2023016',3.1),
('KQ20230107','ND20230036','BT2023017',9.4),
('KQ20230108','ND20230036','BT2023018',3.6),
('KQ20230109','ND20230037','BT2023019',7),
('KQ20230110','ND20230037','BT2023020',8),
('KQ20230111','ND20230037','BT2023021',3.9),
('KQ20230112','ND20230038','BT2023022',6.5),
('KQ20230113','ND20230038','BT2023023',8.7),
('KQ20230114','ND20230038','BT2023024',6.8),
('KQ20230115','ND20230039','BT2023025',9.6),
('KQ20230116','ND20230039','BT2023026',8.4),
('KQ20230117','ND20230039','BT2023027',3),
('KQ20230118','ND20230040','BT2023028',8.3),
('KQ20230119','ND20230040','BT2023029',6.9),
('KQ20230120','ND20230040','BT2023030',7.1),
('KQ20230121','ND20230041','BT2023001',9.5),
('KQ20230122','ND20230041','BT2023002',6.3),
('KQ20230123','ND20230041','BT2023003',5.4),
('KQ20230124','ND20230042','BT2023004',6.4),
('KQ20230125','ND20230042','BT2023005',8),
('KQ20230126','ND20230042','BT2023006',9.6),
('KQ20230127','ND20230043','BT2023007',6.3),
('KQ20230128','ND20230043','BT2023008',9.6),
('KQ20230129','ND20230043','BT2023009',5.6),
('KQ20230130','ND20230044','BT2023010',7.9),
('KQ20230131','ND20230044','BT2023011',8.6),
('KQ20230132','ND20230044','BT2023012',9),
('KQ20230133','ND20230045','BT2023013',8.3),
('KQ20230134','ND20230045','BT2023014',9.6),
('KQ20230135','ND20230045','BT2023015',4.6),
('KQ20230136','ND20230046','BT2023016',5.6),
('KQ20230137','ND20230046','BT2023017',7.6),
('KQ20230138','ND20230046','BT2023018',6),  
('KQ20230139','ND20230047','BT2023019',7.9),
('KQ20230140','ND20230047','BT2023020',8.3),
('KQ20230141','ND20230047','BT2023021',3.6),
('KQ20230142','ND20230048','BT2023022',6.4),
('KQ20230143','ND20230048','BT2023023',7),  
('KQ20230144','ND20230048','BT2023024',9.4),
('KQ20230145','ND20230049','BT2023025',6),  
('KQ20230146','ND20230049','BT2023026',7.6),
('KQ20230147','ND20230049','BT2023027',3.6),
('KQ20230148','ND20230050','BT2023028',7.6),
('KQ20230149','ND20230050','BT2023029',8.1),
('KQ20230150','ND20230050','BT2023030',1),  
('KQ20230151','ND20230051','BT2023001',5),
('KQ20230152','ND20230051','BT2023002',6),
('KQ20230153','ND20230051','BT2023003',9.6),
('KQ20230154','ND20230052','BT2023004',8.4),
('KQ20230155','ND20230052','BT2023005',7),
('KQ20230156','ND20230052','BT2023006',4.3),
('KQ20230157','ND20230053','BT2023007',10),
('KQ20230158','ND20230053','BT2023008',6.5),
('KQ20230159','ND20230053','BT2023009',7.8),
('KQ20230160','ND20230054','BT2023010',7.9),
('KQ20230161','ND20230054','BT2023011',8.6),
('KQ20230162','ND20230054','BT2023012',9.6),
('KQ20230163','ND20230055','BT2023013',6.4),
('KQ20230164','ND20230055','BT2023014',5.6),
('KQ20230165','ND20230055','BT2023015',6.4),
('KQ20230166','ND20230056','BT2023016',5.6),
('KQ20230167','ND20230056','BT2023017',7.6),
('KQ20230168','ND20230056','BT2023018',6.3),
('KQ20230169','ND20230057','BT2023019',9),
('KQ20230170','ND20230057','BT2023020',8),
('KQ20230171','ND20230057','BT2023021',3.3),
('KQ20230172','ND20230058','BT2023022',7.8),
('KQ20230173','ND20230058','BT2023023',8.9),
('KQ20230174','ND20230058','BT2023024',6.4),
('KQ20230175','ND20230059','BT2023025',9.4),
('KQ20230176','ND20230059','BT2023026',6.4),
('KQ20230177','ND20230059','BT2023027',7.9),
('KQ20230178','ND20230060','BT2023028',3.5),
('KQ20230179','ND20230060','BT2023029',6.9),
('KQ20230180','ND20230060','BT2023030',4.2),
('KQ20230181','ND20230061','BT2023001',6.8),
('KQ20230182','ND20230061','BT2023002',7.2),
('KQ20230183','ND20230061','BT2023003',9.7),
('KQ20230184','ND20230062','BT2023004',3.5),
('KQ20230185','ND20230062','BT2023005',7.8),
('KQ20230186','ND20230062','BT2023006',4),
('KQ20230187','ND20230063','BT2023007',2.5),
('KQ20230188','ND20230063','BT2023008',7.8),
('KQ20230189','ND20230063','BT2023009',9.8),
('KQ20230190','ND20230064','BT2023010',9.9),
('KQ20230191','ND20230064','BT2023011',10),
('KQ20230192','ND20230064','BT2023012',7.3),
('KQ20230193','ND20230065','BT2023013',8.5),
('KQ20230194','ND20230065','BT2023014',7.6),
('KQ20230195','ND20230065','BT2023015',3.5),
('KQ20230196','ND20230066','BT2023016',8.9),
('KQ20230197','ND20230066','BT2023017',9.6),
('KQ20230198','ND20230066','BT2023018',3.5),
('KQ20230199','ND20230067','BT2023019',9.8),
('KQ20230200','ND20230067','BT2023020',8.1),
('KQ20230201','ND20230067','BT2023021',3),
('KQ20230202','ND20230068','BT2023022',7),
('KQ20230203','ND20230068','BT2023023',9.5),
('KQ20230204','ND20230068','BT2023024',6),
('KQ20230205','ND20230069','BT2023025',9.4),
('KQ20230206','ND20230069','BT2023026',6.4),
('KQ20230207','ND20230069','BT2023027',7.9),
('KQ20230208','ND20230070','BT2023028',5),
('KQ20230209','ND20230070','BT2023029',9.9),
('KQ20230210','ND20230070','BT2023030',6.8),
('KQ20230211','ND20230071','BT2023001',9.5),
('KQ20230212','ND20230071','BT2023002',7),
('KQ20230213','ND20230071','BT2023003',6.3),
('KQ20230214','ND20230072','BT2023004',3.7),
('KQ20230215','ND20230072','BT2023005',6.9),
('KQ20230216','ND20230072','BT2023006',8.9),
('KQ20230217','ND20230073','BT2023007',9.8),
('KQ20230218','ND20230073','BT2023008',4.5),
('KQ20230219','ND20230073','BT2023009',6.5),
('KQ20230220','ND20230074','BT2023010',9.9),
('KQ20230221','ND20230074','BT2023012',7),
('KQ20230222','ND20230074','BT2023012',7),
('KQ20230223','ND20230075','BT2023013',6.4),
('KQ20230224','ND20230075','BT2023014',7.9),
('KQ20230225','ND20230075','BT2023015',9.8),
('KQ20230226','ND20230076','BT2023016',10),
('KQ20230227','ND20230076','BT2023017',6.2),
('KQ20230228','ND20230076','BT2023018',5.5),
('KQ20230229','ND20230077','BT2023019',8),
('KQ20230230','ND20230077','BT2023020',9.5),
('KQ20230231','ND20230077','BT2023021',6.4),
('KQ20230232','ND20230078','BT2023022',4.5),
('KQ20230233','ND20230078','BT2023023',9.5),
('KQ20230234','ND20230078','BT2023024',6.9),
('KQ20230235','ND20230079','BT2023025',9.4),
('KQ20230236','ND20230079','BT2023026',6.4),
('KQ20230237','ND20230079','BT2023027',7.9),
('KQ20230238','ND20230080','BT2023028',5.9),
('KQ20230239','ND20230080','BT2023029',6.5),
('KQ20230240','ND20230080','BT2023030',6.8),
('KQ20230241','ND20230081','BT2023001',8.4),
('KQ20230242','ND20230081','BT2023002',7.9),
('KQ20230243','ND20230081','BT2023003',6.9),
('KQ20230244','ND20230082','BT2023004',7),
('KQ20230245','ND20230082','BT2023005',9),
('KQ20230246','ND20230082','BT2023006',8.4),
('KQ20230247','ND20230083','BT2023007',8.5),
('KQ20230248','ND20230083','BT2023008',6.5),
('KQ20230249','ND20230083','BT2023009',6.8),
('KQ20230250','ND20230084','BT2023010',10),
('KQ20230251','ND20230084','BT2023012',6.9),
('KQ20230252','ND20230084','BT2023012',2.3),
('KQ20230253','ND20230085','BT2023013',5.4),
('KQ20230254','ND20230085','BT2023014',6.5),
('KQ20230255','ND20230085','BT2023015',3.9),
('KQ20230256','ND20230086','BT2023016',10),
('KQ20230257','ND20230086','BT2023017',9.8),
('KQ20230258','ND20230086','BT2023018',8.5),
('KQ20230259','ND20230087','BT2023019',8.3),
('KQ20230260','ND20230087','BT2023020',9.8),
('KQ20230261','ND20230087','BT2023021',4.6),
('KQ20230262','ND20230088','BT2023022',5),
('KQ20230263','ND20230088','BT2023023',9),
('KQ20230264','ND20230088','BT2023024',6),
('KQ20230265','ND20230089','BT2023025',9.5),
('KQ20230266','ND20230089','BT2023026',4.6),
('KQ20230267','ND20230089','BT2023027',7),
('KQ20230268','ND20230090','BT2023028',5.9),
('KQ20230269','ND20230090','BT2023029',5),
('KQ20230270','ND20230090','BT2023030',8.9),
('KQ20230271','ND20230091','BT2023001',9.5),
('KQ20230272','ND20230091','BT2023002',6.2),
('KQ20230273','ND20230091','BT2023003',5.4),
('KQ20230274','ND20230092','BT2023004',5.3),
('KQ20230275','ND20230092','BT2023005',9.9),
('KQ20230276','ND20230092','BT2023006',8),
('KQ20230277','ND20230093','BT2023007',5.9),
('KQ20230278','ND20230093','BT2023008',6.1),
('KQ20230279','ND20230093','BT2023009',6.6),
('KQ20230280','ND20230094','BT2023010',9.6),
('KQ20230281','ND20230094','BT2023012',7.3),
('KQ20230282','ND20230094','BT2023012',9.4),
('KQ20230283','ND20230095','BT2023013',3.5),
('KQ20230284','ND20230095','BT2023014',6.7),
('KQ20230285','ND20230095','BT2023015',6.4),
('KQ20230286','ND20230096','BT2023016',8.4),
('KQ20230287','ND20230096','BT2023017',6.1),
('KQ20230288','ND20230096','BT2023018',9.1),
('KQ20230289','ND20230097','BT2023019',1.9),
('KQ20230290','ND20230097','BT2023020',9),
('KQ20230291','ND20230097','BT2023021',6),
('KQ20230292','ND20230098','BT2023022',5.9),
('KQ20230293','ND20230098','BT2023023',4.5),
('KQ20230294','ND20230098','BT2023024',7.2),
('KQ20230295','ND20230099','BT2023025',9.9),
('KQ20230296','ND20230099','BT2023026',4),
('KQ20230297','ND20230099','BT2023027',7.9),
('KQ20230298','ND20230100','BT2023028',9.3),
('KQ20230299','ND20230100','BT2023029',5.8),
('KQ20230300','ND20230100','BT2023030',10)



set dateformat dmy
insert into DKyKhoaHoc
values
('DK20230001','ND20230001','KH2023001','15/10/2022'),
('DK20230002','ND20230002','KH2023002','15/10/2022'),
('DK20230003','ND20230003','KH2023003','15/10/2022'),
('DK20230004','ND20230004','KH2023004','15/10/2022'),
('DK20230005','ND20230005','KH2023005','15/10/2022'),
('DK20230006','ND20230006','KH2023006','15/10/2022'),
('DK20230007','ND20230007','KH2023007','15/10/2022'),
('DK20230008','ND20230008','KH2023008','15/10/2022'),
('DK20230009','ND20230009','KH2023009','15/10/2022'),
('DK20230010','ND20230010','KH2023010','15/10/2022'),
('DK20230011','ND20230011','KH2023001','15/10/2022'),
('DK20230012','ND20230012','KH2023002','15/10/2022'),
('DK20230013','ND20230013','KH2023003','15/10/2022'),
('DK20230014','ND20230014','KH2023004','15/10/2022'),
('DK20230015','ND20230015','KH2023005','15/10/2022'),
('DK20230016','ND20230016','KH2023006','15/10/2022'),
('DK20230017','ND20230017','KH2023007','15/10/2022'),
('DK20230018','ND20230018','KH2023008','15/10/2022'),
('DK20230019','ND20230019','KH2023009','15/10/2022'),
('DK20230020','ND20230020','KH2023010','15/10/2022'),
('DK20230021','ND20230021','KH2023001','15/10/2022'),
('DK20230022','ND20230022','KH2023002','15/10/2022'),
('DK20230023','ND20230023','KH2023003','15/10/2022'),
('DK20230024','ND20230024','KH2023004','15/10/2022'),
('DK20230025','ND20230025','KH2023005','15/10/2022'),
('DK20230026','ND20230026','KH2023006','15/10/2022'),
('DK20230027','ND20230027','KH2023007','15/10/2022'),
('DK20230028','ND20230028','KH2023008','15/10/2022'),
('DK20230029','ND20230029','KH2023009','15/10/2022'),
('DK20230030','ND20230030','KH2023010','15/10/2022'),
('DK20230031','ND20230031','KH2023001','15/10/2022'),
('DK20230032','ND20230032','KH2023002','15/10/2022'),
('DK20230033','ND20230033','KH2023003','15/10/2022'),
('DK20230034','ND20230034','KH2023004','15/10/2022'),
('DK20230035','ND20230035','KH2023005','15/10/2022'),
('DK20230036','ND20230036','KH2023006','15/10/2022'),
('DK20230037','ND20230037','KH2023007','15/10/2022'),
('DK20230038','ND20230038','KH2023008','15/10/2022'),
('DK20230039','ND20230039','KH2023009','15/10/2022'),
('DK20230040','ND20230040','KH2023010','15/10/2022'),
('DK20230041','ND20230041','KH2023001','15/10/2022'),
('DK20230042','ND20230042','KH2023002','15/10/2022'),
('DK20230043','ND20230043','KH2023003','15/10/2022'),
('DK20230044','ND20230044','KH2023004','15/10/2022'),
('DK20230045','ND20230045','KH2023005','15/10/2022'),
('DK20230046','ND20230046','KH2023006','15/10/2022'),
('DK20230047','ND20230047','KH2023007','15/10/2022'),
('DK20230048','ND20230048','KH2023008','15/10/2022'),
('DK20230049','ND20230049','KH2023009','15/10/2022'),
('DK20230050','ND20230050','KH2023010','15/10/2022'),
('DK20230051','ND20230051','KH2023001','15/10/2022'),
('DK20230052','ND20230052','KH2023002','15/10/2022'),
('DK20230053','ND20230053','KH2023003','15/10/2022'),
('DK20230054','ND20230054','KH2023004','15/10/2022'),
('DK20230055','ND20230055','KH2023005','15/10/2022'),
('DK20230056','ND20230056','KH2023006','15/10/2022'),
('DK20230057','ND20230057','KH2023007','15/10/2022'),
('DK20230058','ND20230058','KH2023008','15/10/2022'),
('DK20230059','ND20230059','KH2023009','15/10/2022'),
('DK20230060','ND20230060','KH2023010','15/10/2022'),
('DK20230061','ND20230061','KH2023001','15/10/2022'),
('DK20230062','ND20230062','KH2023002','15/10/2022'),
('DK20230063','ND20230063','KH2023003','15/10/2022'),
('DK20230064','ND20230064','KH2023004','15/10/2022'),
('DK20230065','ND20230065','KH2023005','15/10/2022'),
('DK20230066','ND20230066','KH2023006','15/10/2022'),
('DK20230067','ND20230067','KH2023007','15/10/2022'),
('DK20230068','ND20230068','KH2023008','15/10/2022'),
('DK20230069','ND20230069','KH2023009','15/10/2022'),
('DK20230070','ND20230070','KH2023010','15/10/2022'),
('DK20230071','ND20230071','KH2023001','15/10/2022'),
('DK20230072','ND20230072','KH2023002','15/10/2022'),
('DK20230073','ND20230073','KH2023003','15/10/2022'),
('DK20230074','ND20230074','KH2023004','15/10/2022'),
('DK20230075','ND20230075','KH2023005','15/10/2022'),
('DK20230076','ND20230076','KH2023006','15/10/2022'),
('DK20230077','ND20230077','KH2023007','15/10/2022'),
('DK20230078','ND20230078','KH2023008','15/10/2022'),
('DK20230079','ND20230079','KH2023009','15/10/2022'),
('DK20230080','ND20230080','KH2023010','15/10/2022'),
('DK20230081','ND20230081','KH2023001','15/10/2022'),
('DK20230082','ND20230082','KH2023002','15/10/2022'),
('DK20230083','ND20230083','KH2023003','15/10/2022'),
('DK20230084','ND20230084','KH2023004','15/10/2022'),
('DK20230085','ND20230085','KH2023005','15/10/2022'),
('DK20230086','ND20230086','KH2023006','15/10/2022'),
('DK20230087','ND20230087','KH2023007','15/10/2022'),
('DK20230088','ND20230088','KH2023008','15/10/2022'),
('DK20230089','ND20230089','KH2023009','15/10/2022'),
('DK20230090','ND20230090','KH2023010','15/10/2022'),
('DK20230091','ND20230091','KH2023001','15/10/2022'),
('DK20230092','ND20230092','KH2023002','15/10/2022'),
('DK20230093','ND20230093','KH2023003','15/10/2022'),
('DK20230094','ND20230094','KH2023004','15/10/2022'),
('DK20230095','ND20230095','KH2023005','15/10/2022'),
('DK20230096','ND20230096','KH2023006','15/10/2022'),
('DK20230097','ND20230097','KH2023007','15/10/2022'),
('DK20230098','ND20230098','KH2023008','15/10/2022'),
('DK20230099','ND20230099','KH2023009','15/10/2022'),
('DK20230100','ND20230100','KH2023010','15/10/2022')



INSERT INTO ThanhToan
VALUES
('MB20230001','ND20230001','KH2023001',149000,N'Chuyển Khoản','28/12/2022'),
('MB20230002','ND20230002','KH2023002',169000,N'Chuyển Khoản','28/12/2022'),
('MB20230003','ND20230003','KH2023003',169000,N'Chuyển Khoản','28/12/2022'),
('MB20230004','ND20230004','KH2023004',169000,N'Chuyển Khoản','28/12/2022'),
('MB20230005','ND20230005','KH2023005',179000,N'Chuyển Khoản','28/12/2022'),
('MB20230006','ND20230006','KH2023006',249000,N'Chuyển Khoản','28/12/2022'),
('MB20230007','ND20230007','KH2023007',249000,N'Chuyển Khoản','28/12/2022'),
('MB20230008','ND20230008','KH2023008',179000,N'Chuyển Khoản','28/12/2022'),
('MB20230009','ND20230009','KH2023009',149000,N'Chuyển Khoản','28/12/2022'),
('MB20230010','ND20230010','KH2023010',149000,N'Chuyển Khoản','28/12/2022'),
('MB20230011','ND20230011','KH2023001',149000,N'Chuyển Khoản','28/12/2022'),
('MB20230012','ND20230012','KH2023002',169000,N'Chuyển Khoản','28/12/2022'),
('MB20230013','ND20230013','KH2023003',169000,N'Chuyển Khoản','28/12/2022'),
('MB20230014','ND20230014','KH2023004',169000,N'Chuyển Khoản','28/12/2022'),
('MB20230015','ND20230015','KH2023005',179000,N'Chuyển Khoản','28/12/2022'),
('MB20230016','ND20230016','KH2023006',249000,N'Chuyển Khoản','28/12/2022'),
('MB20230017','ND20230017','KH2023007',249000,N'Chuyển Khoản','28/12/2022'),
('MB20230018','ND20230018','KH2023008',179000,N'Chuyển Khoản','28/12/2022'),
('MB20230019','ND20230019','KH2023009',149000,N'Chuyển Khoản','28/12/2022'),
('MB20230020','ND20230020','KH2023010',149000,N'Chuyển Khoản','28/12/2022'),
('MB20230021','ND20230021','KH2023001',149000,N'Chuyển Khoản','28/12/2022'),
('MB20230022','ND20230022','KH2023002',169000,N'Chuyển Khoản','28/12/2022'),
('MB20230023','ND20230023','KH2023003',169000,N'Chuyển Khoản','28/12/2022'),
('MB20230024','ND20230024','KH2023004',169000,N'Chuyển Khoản','28/12/2022'),
('MB20230025','ND20230025','KH2023005',179000,N'Chuyển Khoản','28/12/2022'),
('MB20230026','ND20230026','KH2023006',249000,N'Chuyển Khoản','28/12/2022'),
('MB20230027','ND20230027','KH2023007',249000,N'Chuyển Khoản','28/12/2022'),
('MB20230028','ND20230028','KH2023008',179000,N'Chuyển Khoản','28/12/2022'),
('MB20230029','ND20230029','KH2023009',149000,N'Chuyển Khoản','28/12/2022'),
('MB20230030','ND20230030','KH2023010',149000,N'Chuyển Khoản','28/12/2022'),
('MB20230031','ND20230031','KH2023001',149000,N'Chuyển Khoản','28/12/2022'),
('MB20230032','ND20230032','KH2023002',169000,N'Chuyển Khoản','28/12/2022'),
('MB20230033','ND20230033','KH2023003',169000,N'Chuyển Khoản','28/12/2022'),
('MB20230034','ND20230034','KH2023004',169000,N'Chuyển Khoản','28/12/2022'),
('MB20230035','ND20230035','KH2023005',179000,N'Chuyển Khoản','28/12/2022'),
('MB20230036','ND20230036','KH2023006',249000,N'Chuyển Khoản','28/12/2022'),
('MB20230037','ND20230037','KH2023007',249000,N'Chuyển Khoản','28/12/2022'),
('MB20230038','ND20230038','KH2023008',179000,N'Chuyển Khoản','28/12/2022'),
('MB20230039','ND20230039','KH2023009',149000,N'Chuyển Khoản','28/12/2022'),
('MB20230040','ND20230040','KH2023010',149000,N'Chuyển Khoản','28/12/2022'),
('MB20230041','ND20230041','KH2023001',149000,N'Chuyển Khoản','28/12/2022'),
('MB20230042','ND20230042','KH2023002',169000,N'Chuyển Khoản','28/12/2022'),
('MB20230043','ND20230043','KH2023003',169000,N'Chuyển Khoản','28/12/2022'),
('MB20230044','ND20230044','KH2023004',169000,N'Chuyển Khoản','28/12/2022'),
('MB20230045','ND20230045','KH2023005',179000,N'Chuyển Khoản','28/12/2022'),
('MB20230046','ND20230046','KH2023006',249000,N'Chuyển Khoản','28/12/2022'),
('MB20230047','ND20230047','KH2023007',249000,N'Chuyển Khoản','28/12/2022'),
('MB20230048','ND20230048','KH2023008',179000,N'Chuyển Khoản','28/12/2022'),
('MB20230049','ND20230049','KH2023009',149000,N'Chuyển Khoản','28/12/2022'),
('MB20230050','ND20230050','KH2023010',149000,N'Chuyển Khoản','28/12/2022'),
('MB20230051','ND20230051','KH2023001',149000,N'Chuyển Khoản','28/12/2022'),
('MB20230052','ND20230052','KH2023002',169000,N'Chuyển Khoản','28/12/2022'),
('MB20230053','ND20230053','KH2023003',169000,N'Chuyển Khoản','28/12/2022'),
('MB20230054','ND20230054','KH2023004',169000,N'Chuyển Khoản','28/12/2022'),
('MB20230055','ND20230055','KH2023005',179000,N'Chuyển Khoản','28/12/2022'),
('MB20230056','ND20230056','KH2023006',249000,N'Chuyển Khoản','28/12/2022'),
('MB20230057','ND20230057','KH2023007',249000,N'Chuyển Khoản','28/12/2022'),
('MB20230058','ND20230058','KH2023008',179000,N'Chuyển Khoản','28/12/2022'),
('MB20230059','ND20230059','KH2023009',149000,N'Chuyển Khoản','28/12/2022'),
('MB20230060','ND20230060','KH2023010',149000,N'Chuyển Khoản','28/12/2022'),
('MB20230061','ND20230061','KH2023001',149000,N'Chuyển Khoản','28/12/2022'),
('MB20230062','ND20230062','KH2023002',169000,N'Chuyển Khoản','28/12/2022'),
('MB20230063','ND20230063','KH2023003',169000,N'Chuyển Khoản','28/12/2022'),
('MB20230064','ND20230064','KH2023004',169000,N'Chuyển Khoản','28/12/2022'),
('MB20230065','ND20230065','KH2023005',179000,N'Chuyển Khoản','28/12/2022'),
('MB20230066','ND20230066','KH2023006',249000,N'Chuyển Khoản','28/12/2022'),
('MB20230067','ND20230067','KH2023007',249000,N'Chuyển Khoản','28/12/2022'),
('MB20230068','ND20230068','KH2023008',179000,N'Chuyển Khoản','28/12/2022'),
('MB20230069','ND20230069','KH2023009',149000,N'Chuyển Khoản','28/12/2022'),
('MB20230070','ND20230060','KH2023010',149000,N'Chuyển Khoản','28/12/2022'),
('MB20230071','ND20230071','KH2023001',149000,N'Chuyển Khoản','28/12/2022'),
('MB20230072','ND20230072','KH2023002',169000,N'Chuyển Khoản','28/12/2022'),
('MB20230073','ND20230073','KH2023003',169000,N'Chuyển Khoản','28/12/2022'),
('MB20230074','ND20230074','KH2023004',169000,N'Chuyển Khoản','28/12/2022'),
('MB20230075','ND20230075','KH2023005',179000,N'Chuyển Khoản','28/12/2022'),
('MB20230076','ND20230076','KH2023006',249000,N'Chuyển Khoản','28/12/2022'),
('MB20230077','ND20230077','KH2023007',249000,N'Chuyển Khoản','28/12/2022'),
('MB20230078','ND20230078','KH2023008',179000,N'Chuyển Khoản','28/12/2022'),
('MB20230079','ND20230079','KH2023009',149000,N'Chuyển Khoản','28/12/2022'),
('MB20230080','ND20230080','KH2023010',149000,N'Chuyển Khoản','28/12/2022'),
('MB20230081','ND20230081','KH2023001',149000,N'Chuyển Khoản','28/12/2022'),
('MB20230082','ND20230082','KH2023002',169000,N'Chuyển Khoản','28/12/2022'),
('MB20230083','ND20230083','KH2023003',169000,N'Chuyển Khoản','28/12/2022'),
('MB20230084','ND20230084','KH2023004',169000,N'Chuyển Khoản','28/12/2022'),
('MB20230085','ND20230085','KH2023005',179000,N'Chuyển Khoản','28/12/2022'),
('MB20230086','ND20230086','KH2023006',249000,N'Chuyển Khoản','28/12/2022'),
('MB20230087','ND20230087','KH2023007',249000,N'Chuyển Khoản','28/12/2022'),
('MB20230088','ND20230088','KH2023008',179000,N'Chuyển Khoản','28/12/2022'),
('MB20230089','ND20230089','KH2023009',149000,N'Chuyển Khoản','28/12/2022'),
('MB20230090','ND20230090','KH2023010',149000,N'Chuyển Khoản','28/12/2022'),
('MB20230091','ND20230091','KH2023001',149000,N'Chuyển Khoản','28/12/2022'),
('MB20230092','ND20230092','KH2023002',169000,N'Chuyển Khoản','28/12/2022'),
('MB20230093','ND20230093','KH2023003',169000,N'Chuyển Khoản','28/12/2022'),
('MB20230094','ND20230094','KH2023004',169000,N'Chuyển Khoản','28/12/2022'),
('MB20230095','ND20230095','KH2023005',179000,N'Chuyển Khoản','28/12/2022'),
('MB20230096','ND20230096','KH2023006',249000,N'Chuyển Khoản','28/12/2022'),
('MB20230097','ND20230097','KH2023007',249000,N'Chuyển Khoản','28/12/2022'),
('MB20230098','ND20230098','KH2023008',179000,N'Chuyển Khoản','28/12/2022'),
('MB20230099','ND20230099','KH2023009',149000,N'Chuyển Khoản','28/12/2022'),
('MB20230100','ND20230100','KH2023010',149000,N'Chuyển Khoản','28/12/2022')

-- DTB >= 8 là Giỏi, DTB >= 6.5 và < 8 là Khá, DTB >= 5 và < 6.5 là Trung Bình, DTB >= 4 và < 5 là Yếu, DTB < 4 là Kém
set dateformat dmy
insert into DanhGia
values
('DG20230001','ND20230001','KH2023001',N'Điểm trung bình sau khóa học là 5.4',N'Trung Bình','01/01/2023'),
('DG20230002','ND20230002','KH2023002',N'Điểm trung bình sau khóa học là 6.8',N'Khá','01/01/2023'),
('DG20230003','ND20230003','KH2023003',N'Điểm trung bình sau khóa học là 7.1',N'Khá','01/01/2023'),
('DG20230004','ND20230004','KH2023004',N'Điểm trung bình sau khóa học là 7.6',N'Khá','01/01/2023'),
('DG20230005','ND20230005','KH2023005',N'Điểm trung bình sau khóa học là 7.4',N'Khá','01/01/2023'),
('DG20230006','ND20230006','KH2023006',N'Điểm trung bình sau khóa học là 7',N'Khá','01/01/2023'),
('DG20230007','ND20230007','KH2023007',N'Điểm trung bình sau khóa học là 3.6',N'Kém','01/01/2023'),
('DG20230008','ND20230008','KH2023008',N'Điểm trung bình sau khóa học là 6.4',N'Trung Bình','01/01/2023'),
('DG20230009','ND20230009','KH2023009',N'Điểm trung bình sau khóa học là 6.3',N'Trung Bình','01/01/2023'),
('DG20230010','ND20230010','KH2023010',N'Điểm trung bình sau khóa học là 8.3',N'Giỏi','01/01/2023'),
('DG20230011','ND20230011','KH2023001',N'Điểm trung bình sau khóa học là 8.1',N'Giỏi','01/01/2023'),
('DG20230012','ND20230012','KH2023002',N'Điểm trung bình sau khóa học là 5.9',N'Trung Bình','01/01/2023'),
('DG20230013','ND20230013','KH2023003',N'Điểm trung bình sau khóa học là 8.2',N'Giỏi','01/01/2023'),
('DG20230014','ND20230014','KH2023004',N'Điểm trung bình sau khóa học là 5.2',N'Trung Bình','01/01/2023'),
('DG20230015','ND20230015','KH2023005',N'Điểm trung bình sau khóa học là 7.8',N'Khá','01/01/2023'),
('DG20230016','ND20230016','KH2023006',N'Điểm trung bình sau khóa học là 8.2',N'Giỏi','01/01/2023'),
('DG20230017','ND20230017','KH2023007',N'Điểm trung bình sau khóa học là 5.3',N'Trung Bình','01/01/2023'),
('DG20230018','ND20230018','KH2023008',N'Điểm trung bình sau khóa học là 5.5',N'Trung Bình','01/01/2023'),
('DG20230019','ND20230019','KH2023009',N'Điểm trung bình sau khóa học là 8,9',N'Giỏi','01/01/2023'),
('DG20230020','ND20230020','KH2023010',N'Điểm trung bình sau khóa học là 7',N'Khá','01/01/2023'),
('DG20230021','ND20230021','KH2023001',N'Điểm trung bình sau khóa học là 6.3',N'Trung Bình','01/01/2023'),
('DG20230022','ND20230022','KH2023002',N'Điểm trung bình sau khóa học là 7.1',N'Khá','01/01/2023'),
('DG20230023','ND20230023','KH2023003',N'Điểm trung bình sau khóa học là 7.4',N'Khá','01/01/2023'),
('DG20230024','ND20230024','KH2023004',N'Điểm trung bình sau khóa học là 2.8',N'Kém','01/01/2023'),
('DG20230025','ND20230025','KH2023005',N'Điểm trung bình sau khóa học là 8.9',N'Giỏi','01/01/2023'),
('DG20230026','ND20230026','KH2023006',N'Điểm trung bình sau khóa học là 6,6',N'Khá','01/01/2023'),
('DG20230027','ND20230027','KH2023007',N'Điểm trung bình sau khóa học là 6,7',N'Khá','01/01/2023'),
('DG20230028','ND20230028','KH2023008',N'Điểm trung bình sau khóa học là 7.6',N'Khá','01/01/2023'),
('DG20230029','ND20230029','KH2023009',N'Điểm trung bình sau khóa học là 6.9',N'Khá','01/01/2023'),
('DG20230030','ND20230030','KH2023010',N'Điểm trung bình sau khóa học là 6.8',N'Khá','01/01/2023'),
('DG20230031','ND20230031','KH2023001',N'Điểm trung bình sau khóa học là 6.3',N'Trung Bình','01/01/2023'),
('DG20230032','ND20230032','KH2023002',N'Điểm trung bình sau khóa học là 7.4',N'Khá','01/01/2023'),
('DG20230033','ND20230033','KH2023003',N'Điểm trung bình sau khóa học là 8.7',N'Giỏi','01/01/2023'),
('DG20230034','ND20230034','KH2023004',N'Điểm trung bình sau khóa học là 4.1',N'Yếu','01/01/2023'),
('DG20230035','ND20230035','KH2023005',N'Điểm trung bình sau khóa học là 8.2',N'Giỏi','01/01/2023'),
('DG20230036','ND20230036','KH2023006',N'Điểm trung bình sau khóa học là 5.4',N'Trung Bình','01/01/2023'),
('DG20230037','ND20230037','KH2023007',N'Điểm trung bình sau khóa học là 6.3',N'Trung Bình','01/01/2023'),
('DG20230038','ND20230038','KH2023008',N'Điểm trung bình sau khóa học là 7.3',N'Khá','01/01/2023'),
('DG20230039','ND20230039','KH2023009',N'Điểm trung bình sau khóa học là 7',N'Khá','01/01/2023'),
('DG20230040','ND20230040','KH2023010',N'Điểm trung bình sau khóa học là 7.4',N'Khá','01/01/2023'),
('DG20230041','ND20230041','KH2023001',N'Điểm trung bình sau khóa học là 7.1',N'Khá','01/01/2023'),
('DG20230042','ND20230042','KH2023002',N'Điểm trung bình sau khóa học là 8',N'Giỏi','01/01/2023'),
('DG20230043','ND20230043','KH2023003',N'Điểm trung bình sau khóa học là 7.2',N'Khá','01/01/2023'),
('DG20230044','ND20230044','KH2023004',N'Điểm trung bình sau khóa học là 8.5',N'Giỏi','01/01/2023'),
('DG20230045','ND20230045','KH2023005',N'Điểm trung bình sau khóa học là 7.5',N'Khá','01/01/2023'),
('DG20230046','ND20230046','KH2023006',N'Điểm trung bình sau khóa học là 6.4',N'Trung Bình','01/01/2023'),
('DG20230047','ND20230047','KH2023007',N'Điểm trung bình sau khóa học là 6.6',N'Khá','01/01/2023'),
('DG20230048','ND20230048','KH2023008',N'Điểm trung bình sau khóa học là 7.6',N'Khá','01/01/2023'),
('DG20230049','ND20230049','KH2023009',N'Điểm trung bình sau khóa học là 5.7',N'Trung Bình','01/01/2023'),
('DG20230050','ND20230050','KH2023010',N'Điểm trung bình sau khóa học là 5.6',N'Trung Bình','01/01/2023'),
('DG20230051','ND20230051','KH2023001',N'Điểm trung bình sau khóa học là 6.9',N'Khá','01/01/2023'),
('DG20230052','ND20230052','KH2023002',N'Điểm trung bình sau khóa học là 6.6',N'Khá','01/01/2023'),
('DG20230053','ND20230053','KH2023003',N'Điểm trung bình sau khóa học là 8.1',N'Giỏi','01/01/2023'),
('DG20230054','ND20230054','KH2023004',N'Điểm trung bình sau khóa học là 8.7',N'Giỏi','01/01/2023'),
('DG20230055','ND20230055','KH2023005',N'Điểm trung bình sau khóa học là 6.1',N'Trung Bình','01/01/2023'),
('DG20230056','ND20230056','KH2023006',N'Điểm trung bình sau khóa học là 6.5',N'Khá','01/01/2023'),
('DG20230057','ND20230057','KH2023007',N'Điểm trung bình sau khóa học là 6.8',N'Khá','01/01/2023'),
('DG20230058','ND20230058','KH2023008',N'Điểm trung bình sau khóa học là 7.7',N'Khá','01/01/2023'),
('DG20230059','ND20230059','KH2023009',N'Điểm trung bình sau khóa học là 7.9',N'Khá','01/01/2023'),
('DG20230060','ND20230060','KH2023010',N'Điểm trung bình sau khóa học là 4.9',N'Yếu','01/01/2023'),
('DG20230061','ND20230061','KH2023001',N'Điểm trung bình sau khóa học là 7.9',N'Khá','01/01/2023'),
('DG20230062','ND20230062','KH2023002',N'Điểm trung bình sau khóa học là 6.8',N'Khá','01/01/2023'),
('DG20230063','ND20230063','KH2023003',N'Điểm trung bình sau khóa học là 7.0',N'Khá','01/01/2023'),
('DG20230064','ND20230064','KH2023004',N'Điểm trung bình sau khóa học là 5.1',N'Trung Bình','01/01/2023'),
('DG20230065','ND20230065','KH2023005',N'Điểm trung bình sau khóa học là 4.8',N'Yếu','01/01/2023'),
('DG20230066','ND20230066','KH2023006',N'Điểm trung bình sau khóa học là 4.8',N'Yếu','01/01/2023'),
('DG20230067','ND20230067','KH2023007',N'Điểm trung bình sau khóa học là 6.7',N'Khá','01/01/2023'),
('DG20230068','ND20230068','KH2023008',N'Điểm trung bình sau khóa học là 9.2',N'Giỏi','01/01/2023'),
('DG20230069','ND20230069','KH2023009',N'Điểm trung bình sau khóa học là 9.9',N'Giỏi','01/01/2023'),
('DG20230070','ND20230060','KH2023010',N'Điểm trung bình sau khóa học là 9.1',N'Giỏi','01/01/2023'),
('DG20230071','ND20230071','KH2023001',N'Điểm trung bình sau khóa học là 8.6',N'Giỏi','01/01/2023'),
('DG20230072','ND20230072','KH2023002',N'Điểm trung bình sau khóa học là 7.8',N'Khá','01/01/2023'),
('DG20230073','ND20230073','KH2023003',N'Điểm trung bình sau khóa học là 6.5',N'Khá','01/01/2023'),
('DG20230074','ND20230074','KH2023004',N'Điểm trung bình sau khóa học là 6.7',N'Khá','01/01/2023'),
('DG20230075','ND20230075','KH2023005',N'Điểm trung bình sau khóa học là 7.3',N'Khá','01/01/2023'),
('DG20230076','ND20230076','KH2023006',N'Điểm trung bình sau khóa học là 7.3',N'Khá','01/01/2023'),
('DG20230077','ND20230077','KH2023007',N'Điểm trung bình sau khóa học là 7.6',N'Khá','01/01/2023'),
('DG20230078','ND20230078','KH2023008',N'Điểm trung bình sau khóa học là 7.1',N'Khá','01/01/2023'),
('DG20230079','ND20230079','KH2023009',N'Điểm trung bình sau khóa học là 7.0',N'Khá','01/01/2023'),
('DG20230080','ND20230080','KH2023010',N'Điểm trung bình sau khóa học là 6.0',N'Trung Bình','01/01/2023'),
('DG20230081','ND20230081','KH2023001',N'Điểm trung bình sau khóa học là 6.5',N'Khá','01/01/2023'),
('DG20230082','ND20230082','KH2023002',N'Điểm trung bình sau khóa học là 7.5',N'Khá','01/01/2023'),
('DG20230083','ND20230083','KH2023003',N'Điểm trung bình sau khóa học là 8.3',N'Giỏi','01/01/2023'),
('DG20230084','ND20230084','KH2023004',N'Điểm trung bình sau khóa học là 7.3',N'Khá','01/01/2023'),
('DG20230085','ND20230085','KH2023005',N'Điểm trung bình sau khóa học là 7.9',N'Khá','01/01/2023'),
('DG20230086','ND20230086','KH2023006',N'Điểm trung bình sau khóa học là 6.4',N'Trung Bình','01/01/2023'),
('DG20230087','ND20230087','KH2023007',N'Điểm trung bình sau khóa học là 7.6',N'Khá','01/01/2023'),
('DG20230088','ND20230088','KH2023008',N'Điểm trung bình sau khóa học là 7.2',N'Khá','01/01/2023'),
('DG20230089','ND20230089','KH2023009',N'Điểm trung bình sau khóa học là 8.7',N'Giỏi','01/01/2023'),
('DG20230090','ND20230090','KH2023010',N'Điểm trung bình sau khóa học là 7.8',N'Khá','01/01/2023'),
('DG20230091','ND20230091','KH2023001',N'Điểm trung bình sau khóa học là 7.6',N'Khá','01/01/2023'),
('DG20230092','ND20230092','KH2023002',N'Điểm trung bình sau khóa học là 5.7',N'Trung Bình','01/01/2023'),
('DG20230093','ND20230093','KH2023003',N'Điểm trung bình sau khóa học là 5.6',N'Trung Bình','01/01/2023'),
('DG20230094','ND20230094','KH2023004',N'Điểm trung bình sau khóa học là 6.5',N'Khá','01/01/2023'),
('DG20230095','ND20230095','KH2023005',N'Điểm trung bình sau khóa học là 8.5',N'Giỏi','01/01/2023'),
('DG20230096','ND20230096','KH2023006',N'Điểm trung bình sau khóa học là 7.7',N'Khá','01/01/2023'),
('DG20230097','ND20230097','KH2023007',N'Điểm trung bình sau khóa học là 6.9',N'Khá','01/01/2023'),
('DG20230098','ND20230098','KH2023008',N'Điểm trung bình sau khóa học là 7.0',N'Khá','01/01/2023'),
('DG20230099','ND20230099','KH2023009',N'Điểm trung bình sau khóa học là 7.8',N'Khá','01/01/2023'),
('DG20230100','ND20230100','KH2023010',N'Điểm trung bình sau khóa học là 8.0',N'Giỏi','01/01/2023')

